index,A,A_s,B,B_s
0,0,0,0,0
1,0,0,0,0
2,0,0,0,0
3,0,0,0,0
4,0,0,0,0
5,0,0,0,0
6,0,0,0,0
7,0,0,0,0
8,0,0,0,0
9,0,0,0,0
10,0,0,0,0
11,0,0,0,0
12,0,0,0,0
13,0,0,0,0
14,0,0,0,0
15,0,0,0,0
16,0,0,0,0
17,0,0,0,0
18,0,0,0,0
19,0,0,0,0
20,0,0,0,0
21,0,0,0,0
22,0,0,0,0
23,0,0,0,0
24,0,0,0,0
25,0,0,0,0
26,0,0,0,0
27,0,0,0,0
28,0,0,0,0
29,0,0,0,0
30,0,0,0,0
31,0,0,0,0
32,0,0,0,0
33,0,0,0,0
34,0,0,0,0
35,0,0,0,0
36,0,0,0,-0.142857143
37,0,0,0,-0.285714286
38,0,0,0,-0.428571429
39,0,0,0,-0.571428571
40,0,0,0,-0.714285714
41,0,0,0,-0.857142857
42,0,0,0,-1
43,0,0,0,-0.857142857
44,0,0,-0.066914558,-0.714285714
45,0,0,-0.265222822,-0.571428571
46,0,0,-0.364724738,-0.428571429
47,0,0,-0.409391573,-0.285714286
48,0,0,-0.432308504,-0.142857143
49,0,0,-0.336355175,0
50,0,0,-0.245370081,0
51,0,0,-0.084872757,0
52,0,0,0,0
53,0,0,0,0
54,0,0,0,0
55,0,0,0,0
56,0,0,0,0
57,0,0,0,0
58,0,0,0,0
59,0,0,0,0
60,0,0,0,0
61,0,0,0,0
62,0,0,0,0
63,0,0,0,0
64,0,0,0,0
65,0,0,0,0
66,0,0,0,0
67,0,0,0,0
68,0,0,0,0
69,0,0,0,0
70,0,0,0,0
71,0,0,0,0
72,0,0,0,0
73,0,0,0,0
74,0,0,0,0
75,0,0,0,0
76,0,0,0,0
77,0,0,0,0
78,0,0,0,0
79,0,0,0,0
80,0,0,0,0
81,0,0,0,0
82,0,0,0,0
83,0,0,0,0
84,0,0,0,0
85,0,0,0,-0.142857143
86,0,0,0,-0.285714286
87,0,0,0,-0.428571429
88,0,0,-0.207692827,-0.571428571
89,0.313763959,0,-0.691178867,-0.714285714
90,0.680208819,0,-1.161242621,-0.857142857
91,1.162121773,0,-1.649859973,-1
92,1.292835644,0,-1.727842603,-0.857142857
93,1.214790617,0,-1.709201813,-0.714285714
94,1.040576049,0,-1.617945126,-0.571428571
95,0.944092069,0,-1.546303204,-0.428571429
96,0.742328167,0,-1.431725502,-0.285714286
97,0.637636048,0,-1.320334571,-0.142857143
98,0.396301508,0,-1.03750297,0
99,0.253450291,0,-0.864975793,0
100,0.02211036,0,-0.619997978,0
101,0,0,-0.419551679,0
102,0,0,-0.145638977,0
103,0,0,0,0
104,0,0,0,0
105,0,0,0,0
106,0,0,0,0
107,0,0,0,0
108,0,0,0,0
109,0,0,0,0
110,0,0,0,0
111,0,0,0,0
112,0,0,0,0
113,0,0,0,0
114,0,0,0,0
115,0,0,0,0
116,0,0,0,0
117,0,0,0,0
118,0,0,-0.153743403,0
119,0,0,-0.313018901,0
120,0,0,-0.368176801,0
121,0,0,-0.475702763,0
122,0,0,-0.487527575,0
123,0,0,-0.457661492,0
124,0,0,-0.375322819,0
125,0,0,-0.244548661,0
126,0,0,-0.121219873,0
127,0,0,-0.301952021,0
128,0,0,-0.500475373,0
129,0,0,-0.820145335,0
130,0,0,-1.224715097,0
131,0.220731906,0,-1.652661187,0
132,0.526422875,0,-2.075977189,-0.142857143
133,0.866643906,0,-2.517666408,-0.285714286
134,0.899775505,0,-2.611644472,-0.428571429
135,0.872562477,0,-2.597043719,-0.571428571
136,0.729127475,0,-2.416637421,-0.714285714
137,0.544940472,0,-2.139760426,-0.857142857
138,0.311870575,0,-1.861061369,-1
139,0.053351334,0,-1.554958207,-0.857142857
140,0,0,-1.197750092,-0.714285714
141,0,0,-0.864117827,-0.571428571
142,0,0,-0.633062158,-0.428571429
143,0,0,-0.436416353,-0.285714286
144,0,0,-0.369344269,-0.142857143
145,0,0,-0.369564772,0
146,0,0,-0.398426192,0
147,0,0,-0.525781938,0
148,0,0,-0.679584912,0
149,0,0,-0.788313798,0
150,0,0,-1.049700328,0
151,0,0,-1.187074116,0
152,0,0,-1.257450376,0
153,0,0,-1.369701249,0
154,0,0,-1.241973877,0
155,0,0,-1.133384432,0
156,0,0,-1.121891294,0
157,0,0,-0.765427658,0
158,0,0,-0.489685195,0
159,0,0,-0.106646265,0
160,0,0,0,0
161,0,0,0,0
162,0,0,0,0
163,0,0,0,0
164,0,0,0,0
165,0,0,0,0
166,0,0,0,0
167,0,0,0,0
168,0,0,0,0
169,0,0,0,0
170,0,0,0,0
171,0,0,0,0
172,0,0,0,0
173,0,0,0,0
174,0,0,0,0
175,0,0,-0.050358227,0
176,0,0,-0.129643236,0
177,0,0,-0.11761604,0
178,0,0,-0.081242153,0
179,0,0,-0.010119506,0
180,0,0,0,0
181,0,0,0,0
182,0,0,0,0
183,0,0,0,0
184,0,0,0,0
185,0,0,0,0
186,0,0,0,0
187,0,0,-0.248497009,0
188,0,0,-0.518073525,0
189,0,0,-0.705438682,0
190,0,0,-0.75027677,0
191,0,0,-0.835935116,0
192,0,0,-0.89189182,0
193,0,0,-0.943427018,0
194,0,0,-0.542799677,0
195,0,0,-0.289618186,0
196,0,0,-0.055002757,0
197,0,0,0,0
198,0,0,0,0
199,0,0,0,0
200,0,0,0,0
201,0,0,0,0
202,0,0,0,-0.142857143
203,0,0,0,-0.285714286
204,0,0,-0.238226107,-0.428571429
205,0,0,-0.504397494,-0.571428571
206,0,0,-0.641502108,-0.714285714
207,0,0,-0.739778519,-0.857142857
208,0,0,-0.882998058,-1
209,0,0,-0.809568678,-0.857142857
210,0,0,-0.918545178,-0.857142857
211,0,0,-0.877981595,-0.857142857
212,0,0,-0.877872876,-0.857142857
213,0.283534936,0,-1.075400489,-0.857142857
214,0.655429091,0,-1.353654861,-0.857142857
215,1.091649941,0,-1.66053227,-0.857142857
216,1.402130536,0,-1.87938336,-1
217,1.445036343,0,-1.749636786,-0.857142857
218,1.557822364,0,-1.721877779,-0.714285714
219,1.548658098,0,-1.659808568,-0.571428571
220,1.099353858,0,-1.260580335,-0.428571429
221,0.604604517,0,-0.767999377,-0.285714286
222,0.033776079,0,-0.215652806,-0.142857143
223,0,0,0,0
224,0,0,0,0
225,0,0,0,0
226,0,0,0,0
227,0,0,0,0
228,0,0,0,0
229,0,0,-0.030878748,0
230,0,0,-0.266915934,0
231,0,0,-0.540546928,0
232,0,0,-0.705132553,0
233,0,0,-0.840762411,0
234,0,0,-1.021321978,0
235,0.176760231,0,-1.154595784,0
236,0.351252283,0,-1.240860939,0
237,0.395923035,0,-1.223341942,0
238,0.354720763,0,-1.158491135,0
239,0.415971313,0,-1.157106944,0
240,0.605883053,0,-1.267421995,-0.142857143
241,0.602374145,0,-1.28038093,-0.285714286
242,0.539148978,0,-1.359938758,-0.428571429
243,0.477065563,0,-1.434712955,-0.571428571
244,0.389746087,0,-1.492360524,-0.714285714
245,0.301435096,0,-1.544805118,-0.857142857
246,0.205684492,0,-1.586234501,-1
247,0,0,-1.52129146,-0.857142857
248,0,0,-1.283070973,-0.714285714
249,0,0,-1.024656977,-0.571428571
250,0,0,-0.721901281,-0.428571429
251,0,0,-0.405917474,-0.285714286
252,0,0,-0.091218472,-0.142857143
253,0,0,0,0
254,0,0,0,0
255,0,0,0,0
256,0,0,0,0
257,0,0,0,0
258,0,0,0,0
259,0,0,0,0
260,0,0,0,0
261,0.157759632,0,0,0
262,0.346046073,0,0,0
263,0.346920729,0,0,0
264,0.285685437,0,0,0
265,0.20326863,0,0,0
266,0,0,0,0
267,0,0,0,0
268,0.088197163,0,0,0
269,0.319537027,0,0,0
270,0.667228631,0,0,0
271,0.998019832,0,-0.091338294,0
272,1.204843249,0,-0.302207811,0
273,1.431562696,0,-0.575679643,0
274,1.491693769,0,-0.866967746,0
275,1.251788821,0,-0.837088789,0
276,1.020545006,0,-0.809332371,0
277,0.856015137,0,-0.826234818,0
278,0.748836245,0,-0.908810002,0
279,0.484491655,0,-0.860114574,0
280,0.29370703,0,-0.834908826,0
281,0.208816903,0,-0.794584138,0
282,0.284450429,0,-0.888167518,0
283,0.457801104,0,-1.090385982,-0.142857143
284,0.609544073,0,-1.266251019,-0.285714286
285,0.829664503,0,-1.459072658,-0.428571429
286,1.191210066,0,-1.748573576,-0.571428571
287,1.493337086,0,-2.046353476,-0.714285714
288,1.777475902,0,-2.326792853,-0.857142857
289,1.932549068,0,-2.439237595,-1
290,1.96402795,0,-2.410135542,-0.857142857
291,1.932746887,0,-2.317260742,-0.714285714
292,1.911388533,0,-2.278958321,-0.714285714
293,1.826799665,0,-2.22111048,-0.714285714
294,1.748350416,0,-2.181322506,-0.714285714
295,1.547250475,0,-2.079202516,-0.714285714
296,1.406698772,0,-2.045472826,-0.714285714
297,1.255964279,0,-2.01734393,-0.857142857
298,1.171509334,0,-2.033491135,-1
299,0.902350494,0,-1.808611189,-0.857142857
300,0.643744877,0,-1.572610038,-0.714285714
301,0.480600527,0,-1.3240742,-0.571428571
302,0.529658113,0,-1.233845302,-0.428571429
303,0.505090577,0,-1.154934747,-0.285714286
304,0.526765347,0,-1.168363026,-0.142857143
305,0.569828033,0,-1.234719685,0
306,0.761852741,0,-1.474555561,0
307,0.968747207,0,-1.688191959,0
308,1.158219065,0,-1.941093717,0
309,1.192179544,0,-2.05509104,0
310,1.256928444,0,-2.158910479,0
311,1.447072302,0,-2.294130598,-0.142857143
312,1.553166117,0,-2.328220367,-0.285714286
313,1.586588178,0.142857143,-2.28625352,-0.428571429
314,1.529433114,0.285714286,-2.202118329,-0.571428571
315,1.469422613,0.428571429,-2.137808664,-0.714285714
316,1.484843527,0.571428571,-2.149238314,-0.857142857
317,1.600878988,0.714285714,-2.21808815,-1
318,1.592628751,0.857142857,-2.152894156,-0.857142857
319,1.582362584,1,-2.14522607,-0.714285714
320,1.581954956,1,-2.149606432,-0.571428571
321,1.75824901,1,-2.210194179,-0.428571429
322,1.888985361,1,-2.214189938,-0.285714286
323,2.014842033,1,-2.208206449,-0.142857143
324,1.994385311,0.857142857,-2.124155317,-0.142857143
325,1.891206333,0.714285714,-1.971960068,-0.285714286
326,1.847809928,0.571428571,-1.82172857,-0.428571429
327,1.830683163,0.428571429,-1.703973498,-0.571428571
328,1.740944454,0.285714286,-1.59056609,-0.714285714
329,1.709622792,0.142857143,-1.529645511,-0.857142857
330,1.650748525,0,-1.424130304,-1
331,1.590326309,0,-1.285696438,-1
332,1.451693671,0,-1.182513373,-1
333,1.251988956,0,-1.024480139,-1
334,1.064378125,0,-0.922660283,-1
335,0.827329023,0,-0.847472191,-1
336,0.470172541,0,-0.623747826,-1
337,0.219751426,0,-0.475805044,-0.857142857
338,0,0,-0.25361211,-0.714285714
339,0,0,-0.090697016,-0.571428571
340,0,0,-0.101375716,-0.428571429
341,0,0,-0.091962985,-0.285714286
342,0,0,-0.123017924,-0.142857143
343,0,0,-0.194401605,0
344,0,0,-0.09928424,0
345,0,0,-0.103381021,0
346,0,0.142857143,-0.251398632,0
347,0,0.285714286,-0.236474037,0
348,0,0.428571429,-0.162896497,0
349,0,0.571428571,-0.009506157,0
350,0,0.714285714,0,0
351,0,0.857142857,-0.083502497,0
352,0,1,-0.452355623,-0.142857143
353,0,0.857142857,-0.54674404,-0.285714286
354,0,0.714285714,-0.640833582,-0.428571429
355,0,0.571428571,-0.794512408,-0.571428571
356,0,0.428571429,-0.942878178,-0.714285714
357,0,0.285714286,-1.026753834,-0.857142857
358,0,0.142857143,-1.062151705,-1
359,0,0,-0.799110208,-0.857142857
360,0,0,-0.726206371,-0.857142857
361,0,0,-0.873715673,-0.857142857
362,0,0,-0.963114194,-0.857142857
363,0,0,-1.093266078,-0.857142857
364,0,0,-1.217750413,-0.857142857
365,0,0,-1.482034138,-0.857142857
366,0.02053581,0,-1.726821899,-1
367,0.310565676,0,-2.069944927,-0.857142857
368,0.48838377,0,-2.227983475,-0.714285714
369,0.75050354,0,-2.413881574,-0.571428571
370,0.977532523,0,-2.569284439,-0.428571429
371,1.299680982,0,-2.78355435,-0.285714286
372,1.703070232,0,-2.949900763,-0.142857143
373,2.157918658,0,-3.168240411,0
374,2.289772579,0,-3.189155579,0
375,2.38347326,0,-3.139712742,0
376,2.325805392,0,-3.021593911,0
377,2.258305005,0,-2.825758525,0
378,2.082534654,0,-2.634117671,0
379,1.750903266,0,-2.383888517,0
380,1.388270514,0,-2.166888101,0
381,1.112047672,0,-1.977840287,-0.142857143
382,0.788644246,0,-1.804389,-0.285714286
383,0.675660951,0,-1.75667681,-0.428571429
384,0.621643066,0,-1.8975514,-0.571428571
385,0.582585062,0,-1.961569922,-0.714285714
386,0.485792058,0,-1.923687117,-0.857142857
387,0.429161549,0,-1.920807021,-1
388,0.45854766,0,-1.976273809,-0.857142857
389,0.644521713,0,-2.106564794,-0.714285714
390,0.804991926,0,-2.223074232,-0.571428571
391,0.839867115,0,-2.227830614,-0.428571429
392,0.876910482,0,-2.216705459,-0.285714286
393,1.060207639,0,-2.303444999,-0.142857143
394,1.138004712,0,-2.294619969,0
395,1.079841409,0,-2.169759205,0
396,0.861285414,0,-1.992217609,0
397,0.486311163,0,-1.711412294,0
398,0.166908843,0,-1.389972687,0
399,0,0,-1.117797647,0
400,0,0,-0.892496381,0
401,0,0,-0.804578032,0
402,0,0,-0.846388681,0
403,0,0,-0.962772778,0
404,0.058753218,0,-1.294950621,0
405,0.463561739,0,-1.697667394,0
406,0.807045937,0,-2.051077979,0
407,1.114728996,0,-2.353108542,0
408,1.296380043,0,-2.545414788,0
409,1.417727062,0,-2.66828319,0
410,1.512345587,0,-2.725870405,0
411,1.451229777,0,-2.598999568,0
412,1.42690318,0,-2.550790787,-0.142857143
413,1.475257192,0,-2.6281553,-0.285714286
414,1.54042244,0,-2.695698602,-0.428571429
415,1.625275067,0,-2.794540133,-0.571428571
416,1.703645161,0,-2.849650247,-0.714285714
417,1.741805077,0,-2.882544926,-0.857142857
418,1.659348079,0,-2.825297219,-1
419,1.504860742,0,-2.602454049,-1
420,1.366391591,0.142857143,-2.380623954,-1
421,1.21799469,0.285714286,-2.189023972,-1
422,1.085266113,0.428571429,-2.02116394,-1
423,0.998653003,0.571428571,-1.88671984,-1
424,0.948424544,0.714285714,-1.788099698,-1
425,1.104722432,0.857142857,-1.851182938,-1
426,1.374282156,1,-2.058344024,-1
427,1.476528849,0.857142857,-2.133744104,-1
428,1.543267386,0.714285714,-2.131294523,-1
429,1.511692865,0.571428571,-2.064135143,-1
430,1.476354054,0.428571429,-2.042513439,-0.857142857
431,1.402329309,0.285714286,-2.056629181,-0.714285714
432,1.207123348,0.142857143,-2.083978653,-0.714285714
433,0.88573449,0,-2.026657649,-0.714285714
434,0.700414181,0,-2.021581377,-0.714285714
435,0.418151583,0,-1.976850918,-0.714285714
436,0.262322971,0,-2.012819018,-0.714285714
437,0.094984055,0,-2.024584361,-0.857142857
438,0,0,-1.854822976,-1
439,0,0,-1.445652281,-0.857142857
440,0,0,-1.162764958,-0.714285714
441,0,0.142857143,-1.028274809,-0.571428571
442,0,0.285714286,-1.026013034,-0.428571429
443,0,0.428571429,-1.028714589,-0.285714286
444,0,0.571428571,-1.118804046,-0.142857143
445,0.14413929,0.714285714,-1.465931484,0
446,0.634094034,0.857142857,-1.974721091,0
447,1.049390044,1,-2.297525951,0
448,1.268535886,0.857142857,-2.371074949,0
449,1.429064614,0.714285714,-2.41463525,0
450,1.618635995,0.571428571,-2.432658332,-0.142857143
451,1.786674227,0.428571429,-2.424367087,-0.285714286
452,1.858583723,0.285714286,-2.346469879,-0.428571429
453,1.930261203,0.142857143,-2.296649933,-0.571428571
454,1.978882653,0,-2.34570803,-0.714285714
455,2.031230382,0,-2.435694286,-0.857142857
456,2.039396558,0,-2.490310124,-1
457,1.888720649,0,-2.449801854,-1
458,1.41191973,0,-2.113367762,-0.857142857
459,0.77668626,0,-1.622787884,-0.714285714
460,0.145010335,0,-1.121969632,-0.571428571
461,0,0,-0.586923122,-0.428571429
462,0,0,-0.116027628,-0.285714286
463,0,0,0,-0.142857143
464,0,0,0,0
465,0,0,0,0
466,0,0,0,0
467,0,0,0,0
468,0,0,0,0
469,0,0,0,0
470,0,0,-0.184347085,0
471,0.095444271,0,-0.377524103,0
472,0.227031946,0,-0.470537594,0
473,0.246904475,0,-0.430409908,0
474,0.335435663,0,-0.409657546,0
475,0.34387391,0,-0.374968052,0
476,0.231142793,0,-0.28830392,0
477,0.090317658,0,-0.213651657,0
478,0.007177489,0,-0.167417594,0
479,0,0,-0.039376804,0
480,0,0,0,0
481,0,0,0,0
482,0,0,0,0
483,0,0,0,0
484,0,0,0,0
485,0,0,-0.024023635,0
486,0,0,-0.122850929,0
487,0,0,-0.263952596,0
488,0,0,-0.36148337,0
489,0,0,-0.517064571,0
490,0,0,-0.57152714,0
491,0,0,-0.617487022,0
492,0,0,-0.555557455,0
493,0,0,-0.566381761,-0.142857143
494,0,0,-0.623730523,-0.285714286
495,0,0,-0.91414472,-0.428571429
496,0,0,-1.036943163,-0.571428571
497,0,0,-1.21099581,-0.714285714
498,0,0,-1.291601045,-0.857142857
499,0,0,-1.216302599,-1
500,0,0,-1.034870897,-0.857142857
501,0,0,-0.616616862,-0.714285714
502,0,0,-0.012438297,-0.571428571
503,0,0,0,-0.428571429
504,0,0,0,-0.285714286
505,0,0,0,-0.142857143
506,0,0,0,0
507,0,0,0,0
508,0,0,0,0
509,0,0,0,0
510,0,0,0,0
511,0,0,0,0
512,0,0,0,0
513,0,0,-0.018554381,0
514,0,0,-0.235120944,0
515,0,0,-0.527736459,0
516,0,0,-0.7780947,0
517,0.118245534,0,-1.041036401,0
518,0.566097464,0,-1.414489201,-0.142857143
519,0.996272632,0,-1.722489902,-0.285714286
520,1.050410339,0,-1.742995943,-0.428571429
521,1.171355247,0,-1.834582056,-0.571428571
522,1.134931156,0,-1.696847098,-0.714285714
523,1.134767124,0,-1.623248509,-0.857142857
524,1.191348485,0,-1.598948206,-1
525,1.006286553,0,-1.315221242,-0.857142857
526,0.752864225,0,-1.06829364,-0.714285714
527,0.668944631,0,-0.887481417,-0.571428571
528,0.433351074,0,-0.573633739,-0.428571429
529,0.26363962,0,-0.405569008,-0.285714286
530,0.064031942,0,-0.262482643,-0.142857143
531,0,0,-0.108944825,0
532,0,0,-0.129609517,0
533,0,0,-0.05119133,0
534,0,0,-0.067503248,0
535,0,0,-0.368075745,-0.142857143
536,0,0,-0.722820691,-0.285714286
537,0.087826014,0,-0.991862161,-0.428571429
538,0.296130214,0,-1.224520547,-0.571428571
539,0.446975401,0,-1.519154957,-0.714285714
540,0.616856303,0,-1.838623047,-0.857142857
541,0.708399841,0,-2.037439891,-1
542,0.561325823,0,-1.928640366,-0.857142857
543,0.295026439,0,-1.597759792,-0.714285714
544,0.213794436,0,-1.478649821,-0.571428571
545,0.133216245,0,-1.388354846,-0.428571429
546,0.002301761,0,-1.106852804,-0.285714286
547,0.072646788,0,-0.99416726,-0.142857143
548,0.217848744,0,-0.99332646,0
549,0.411875725,0,-1.12488372,0
550,0.644686631,0,-1.358835357,0
551,0.708291462,0,-1.341247014,0
552,0.92958246,0.142857143,-1.540816307,-0.142857143
553,1.247189658,0.285714286,-1.843150684,-0.285714286
554,1.273467064,0.428571429,-1.896059854,-0.428571429
555,1.190929685,0.571428571,-1.874030658,-0.571428571
556,1.222091947,0.714285714,-1.848928452,-0.714285714
557,1.302127566,0.857142857,-1.816605704,-0.857142857
558,1.404426983,1,-1.984814916,-1
559,1.188656671,0.857142857,-1.769581658,-0.857142857
560,1.06410374,0.714285714,-1.640610559,-0.714285714
561,1.07997867,0.571428571,-1.661320005,-0.571428571
562,1.282116481,0.428571429,-1.784123284,-0.428571429
563,1.362796238,0.285714286,-1.898529598,-0.285714286
564,1.403565271,0.142857143,-1.969338417,-0.142857143
565,1.340090615,0,-1.74374376,0
566,1.337770735,0,-1.604310717,0
567,1.010653836,0,-1.211250033,0
568,0.69214562,0,-0.807807377,0
569,0.221449988,0,-0.324509893,0
570,0,0,0,0
571,0,0,0,0
572,0,0,0,0
573,0,0,0,0
574,0,0,0,0
575,0,0,0,0
576,0,0,0,0
577,0,0,-0.252905539,0
578,0,0,-0.437570947,0
579,0,0,-0.43719152,0
580,0,0,-0.346754313,0
581,0,0,-0.114055191,0
582,0,0,0,0
583,0,0,0,0
584,0,0,0,-0.142857143
585,0,0,0,-0.285714286
586,0,0,0,-0.428571429
587,0,0,0,-0.571428571
588,0,0,-0.113851854,-0.714285714
589,0,0,-0.502678088,-0.857142857
590,0.289619344,0,-0.925192833,-1
591,0.68504279,0,-1.33300645,-0.857142857
592,0.973317146,0,-1.595654624,-0.714285714
593,1.178155082,0,-1.717095239,-0.571428571
594,1.181414195,0,-1.59790584,-0.428571429
595,1.217574256,0,-1.502224786,-0.285714286
596,1.182733808,0.142857143,-1.33806106,-0.142857143
597,1.153252738,0.285714286,-1.119024481,0
598,1.105104378,0.428571429,-0.875542164,0
599,1.281541279,0.571428571,-0.831546852,0
600,1.485281672,0.714285714,-0.845562935,0
601,1.814336777,0.857142857,-1.015124866,0
602,2.178709711,1,-1.229771069,0
603,2.470482418,1,-1.428969792,0
604,2.522492,1,-1.559592247,0
605,2.522995268,1,-1.67483357,0
606,2.333761488,1,-1.66324452,0
607,1.911197662,0.857142857,-1.507349287,0
608,1.431508473,0.714285714,-1.301632472,0
609,0.875695842,0.571428571,-1.045255797,0
610,0.260379314,0.428571429,-0.699843543,0
611,0,0.285714286,-0.444820574,0
612,0,0.142857143,-0.284477302,0
613,0,0,-0.107846737,0
614,0,0,0,0
615,0,0,0,0
616,0,0,0,0
617,0,0,0,0
618,0,0,0,0
619,0,0,0,0
620,0,0,0,0
621,0,0,0,0
622,0,0,0,0
623,0,0,0,0
624,0,0,0,0
625,0,0,0,0
626,0,0,0,0
627,0,0,0,0
628,0,0,0,0
629,0,0,0,0
630,0,0,0,0
631,0,0,0,0
632,0,0,0,0
633,0,0,0,0
634,0,0,0,0
635,0,0,0,0
636,0,0,0,0
637,0,0,0,0
638,0,0,-0.145728316,0
639,0.114564317,0,-0.370381764,0
640,0.369222266,0,-0.576254436,0
641,0.680070741,0,-0.931028911,0
642,0.904648985,0,-1.18009104,0
643,0.544534002,0,-0.949985095,0
644,0.133683205,0,-0.643607344,0
645,0,0,-0.327897004,0
646,0,0,-0.151306425,0
647,0,0,0,0
648,0,0,0,0
649,0,0,0,0
650,0,0,0,0
651,0,0,0,0
652,0,0,0,0
653,0,0,0,0
654,0,0,0,0
655,0,0,0,0
656,0,0,0,0
657,0,0,0,0
658,0,0,0,0
659,0,0,0,0
660,0,0,-0.054172482,0
661,0,0,-0.286087343,0
662,0,0,-0.627844538,0
663,0,0,-1.175885064,0
664,0.092244898,0,-1.397516796,-0.142857143
665,0.094367164,0,-1.429011481,-0.285714286
666,0.225969996,0,-1.588176864,-0.428571429
667,0.304899761,0,-1.733180319,-0.571428571
668,0.416608095,0,-1.889287676,-0.714285714
669,0.515032462,0,-2.056791578,-0.857142857
670,0.643137387,0,-2.235133307,-1
671,0.762527057,0,-2.408758708,-1
672,1.085632597,0.142857143,-2.72108732,-1
673,1.336452212,0.285714286,-3.01622309,-1
674,1.571035658,0.428571429,-3.31395231,-1
675,1.748367582,0.571428571,-3.527375902,-1
676,1.806635857,0.714285714,-3.611493519,-1
677,1.936000143,0.857142857,-3.58967999,-1
678,2.070201056,1,-3.561961038,-1
679,1.979550907,0.857142857,-3.38684627,-1
680,1.733438628,0.714285714,-2.989480427,-1
681,1.60367666,0.571428571,-2.687717438,-1
682,1.433154106,0.428571429,-2.394650051,-1
683,1.363769667,0.285714286,-2.209511076,-1
684,1.027912344,0.142857143,-1.9862457,-1
685,0.701421533,0,-1.799246379,-1
686,0.534301996,0,-1.736974171,-1
687,0.486396279,0,-1.788785934,-0.857142857
688,0.392169271,0,-1.80239405,-0.714285714
689,0.431744269,0,-1.98455865,-0.714285714
690,0.520431076,0,-2.196813311,-0.714285714
691,0.708259991,0,-2.437030247,-0.714285714
692,0.927160876,0,-2.641999653,-0.714285714
693,0.996107101,0,-2.743983677,-0.714285714
694,1.093885354,0,-2.852051871,-0.857142857
695,1.004726206,0,-2.714717048,-1
696,0.835943903,0,-2.392689296,-0.857142857
697,0.500571728,0,-1.966719491,-0.714285714
698,0.379755974,0,-1.751553672,-0.571428571
699,0.339564119,0,-1.675895691,-0.428571429
700,0.399844681,0,-1.648481914,-0.285714286
701,0.348225491,0,-1.547195435,-0.142857143
702,0.499272994,0,-1.667799268,0
703,0.615074021,0,-1.817647389,0
704,0.885794299,0,-2.079178674,0
705,1.038436822,0,-2.190670831,0
706,1.008285522,0,-2.150031499,0
707,0.976098742,0,-2.140517099,0
708,1.099319867,0,-2.275140626,0
709,1.103267806,0,-2.304533005,0
710,1.186650685,0,-2.364325115,0
711,1.190670831,0,-2.336798259,0
712,1.050613131,0,-2.160077231,0
713,0.956675802,0,-1.961862292,0
714,0.949845859,0,-1.754076821,0
715,0.856404849,0,-1.487759726,0
716,0.977970055,0,-1.44153595,0
717,1.036369664,0,-1.420322146,-0.142857143
718,1.283637456,0,-1.573820387,-0.285714286
719,1.591078894,0,-1.821895327,-0.428571429
720,1.842313494,0,-2.069663048,-0.571428571
721,1.922085353,0,-2.278012412,-0.714285714
722,2.067591531,0,-2.557694026,-0.857142857
723,2.024327006,0,-2.60062245,-1
724,2.144924164,0,-2.631444659,-1
725,1.9427948,0,-2.388401576,-1
726,1.704674857,0,-2.127457619,-1
727,1.541940825,0,-1.875004496,-0.857142857
728,1.462609564,0,-1.672306606,-0.714285714
729,1.379537719,0,-1.425425938,-0.571428571
730,1.368536949,0,-1.325945173,-0.428571429
731,1.100984437,0,-1.166221074,-0.285714286
732,0.92265892,0,-1.086759908,-0.142857143
733,0.790361541,0,-1.095641749,0
734,0.687995774,0,-1.133806705,0
735,0.637419837,0,-1.199045726,0
736,0.550647667,0,-1.235283988,0
737,0.394001041,0,-1.194666726,0
738,0.408205884,0,-1.290146828,0
739,0.633580957,0,-1.600137574,-0.142857143
740,0.893119676,0,-1.853215899,-0.285714286
741,1.21720859,0,-2.16276523,-0.428571429
742,1.471772058,0,-2.456323079,-0.571428571
743,1.654519762,0,-2.73014777,-0.714285714
744,1.844065257,0,-2.995576859,-0.857142857
745,2.019726753,0,-3.150494439,-1
746,2.030961445,0,-3.103036063,-1
747,2.001943997,0,-3.058670316,-1
748,1.781001091,0,-2.919369016,-1
749,1.559147699,0,-2.749489103,-1
750,1.44902856,0,-2.586269106,-1
751,1.359487806,0,-2.449388777,-1
752,1.22577204,0,-2.340402058,-1
753,0.926243373,0,-2.011995452,-0.857142857
754,0.649966444,0,-1.684633255,-0.714285714
755,0.488472394,0,-1.455019542,-0.571428571
756,0.286318983,0,-1.123591764,-0.428571429
757,0,0,-0.807374818,-0.285714286
758,0,0,-0.441951309,-0.142857143
759,0,0,-0.069757427,0
760,0,0,0,0
761,0,0,0,0
762,0,0,0,0
763,0,0,0,0
764,0,0,0,0
765,0,0,0,0
766,0,0,0,-0.142857143
767,0,0,0,-0.285714286
768,0,0,-0.342909234,-0.428571429
769,0.098614352,0,-1.018028532,-0.571428571
770,0.807739122,0,-1.638631276,-0.714285714
771,1.492107936,0,-2.247296742,-0.857142857
772,2.11137976,0,-2.756396157,-1
773,2.287010193,0,-2.787983213,-1
774,2.303147452,0,-2.728970936,-1
775,2.086016519,0.142857143,-2.425071171,-0.857142857
776,1.520740373,0.142857143,-1.931371961,-0.714285714
777,0.936841079,0.142857143,-1.481264932,-0.571428571
778,0.265148503,0.142857143,-1.040019785,-0.428571429
779,0,0.142857143,-0.616361891,-0.285714286
780,0,0.142857143,-0.492323841,-0.142857143
781,0,0.142857143,-0.373027904,0
782,0,0,-0.399831057,0
783,0,0,-0.48808888,0
784,0,0,-0.532458952,0
785,0,0,-0.592015539,0
786,0,0,-0.743836948,0
787,0,0,-0.873701164,0
788,0,0,-1.166970662,0
789,0.25906556,0,-1.47966671,0
790,0.569996357,0,-1.873036248,0
791,0.844419275,0,-2.202450616,0
792,1.099446569,0,-2.523802621,0
793,1.341914994,0,-2.804338455,0
794,1.619868415,0,-2.957557678,0
795,1.515874318,0,-2.782649449,0
796,1.321877071,0,-2.449311393,0
797,1.055827345,0,-1.935470581,0
798,0.915818487,0,-1.57290159,0
799,0.583081041,0,-1.082044942,0
800,0.199177742,0,-0.666343961,-0.142857143
801,0,0,-0.405493259,-0.285714286
802,0,0,-0.343707187,-0.428571429
803,0.054653236,0,-0.562281813,-0.571428571
804,0.305171558,0,-0.90228435,-0.714285714
805,0.487544128,0,-1.172852789,-0.857142857
806,0.832719939,0,-1.583506039,-1
807,1.036842551,0,-1.740291323,-0.857142857
808,1.191819872,0,-1.832029343,-0.714285714
809,1.379118238,0,-1.928231103,-0.571428571
810,1.174137388,0,-1.702141626,-0.428571429
811,0.951352664,0,-1.475460052,-0.285714286
812,0.678773539,0,-1.22033092,-0.142857143
813,0.312587329,0,-0.884735584,0
814,0.083041532,0,-0.706504549,0
815,0,0,-0.524062089,0
816,0,0,-0.203928334,0
817,0,0,-0.117753029,0
818,0,0,0,0
819,0,0,0,0
820,0,0,-0.013772488,0
821,0,0,-0.13352561,0
822,0,0,-0.199650015,0
823,0,0,-0.351482766,0
824,0,0,-0.523916755,0
825,0.164296865,0,-0.653490884,0
826,0.027118581,0,-0.576893262,0
827,0,0,-0.516330957,0
828,0,0,-0.164288657,0
829,0,0,0,0
830,0,0,0,0
831,0,0,0,0
832,0,0,0,0
833,0,0,0,0
834,0,0,0,0
835,0,0,0,0
836,0,0,0,0
837,0,0,0,0
838,0,0,0,0
839,0.061669213,0,-0.033283779,0
840,0.269322259,0,-0.144401073,0
841,0.478872299,0,-0.251985209,0
842,0.400178228,0,-0.207455022,0
843,0.254557337,0,-0.063555854,0
844,0.127049582,0,0,0
845,0.054749932,0,0,0
846,0,0,0,0
847,0,0,0,0
848,0.001676798,0,0,0
849,0.160353218,0,-0.097504275,0
850,0.233256715,0,-0.182515485,0
851,0.238191775,0,-0.277173519,0
852,0.355347838,0,-0.444403546,0
853,0.381078107,0,-0.490915264,0
854,0.386229515,0,-0.512400116,0
855,0.257889305,0,-0.512608903,0
856,0.10065811,0,-0.493297611,0
857,0.087947471,0,-0.600809642,0
858,0.058316674,0,-0.639404433,0
859,0,0,-0.472138269,0
860,0,0,-0.316036633,0
861,0,0,-0.118032592,0
862,0,0,0,0
863,0,0,0,0
864,0,0,0,0
865,0,0,0,0
866,0,0,0,0
867,0,0,0,0
868,0,0,0,0
869,0,0,0,0
870,0,0,0,0
871,0,0,0,0
872,0,0,0,0
873,0,0,0,0
874,0,0,0,0
875,0,0,0,0
876,0,0,0,0
877,0,0,0,0
878,0,0,0,0
879,0,0,0,0
880,0,0,0,0
881,0,0,0,0
882,0,0,0,0
883,0,0,0,0
884,0,0,0,0
885,0,0,0,0
886,0,0,0,0
887,0,0,0,0
888,0,0,0,0
889,0,0,0,0
890,0,0,0,0
891,0,0,-0.015961272,0
892,0,0,0,0
893,0,0,0,0
894,0,0,0,0
895,0,0,0,0
896,0,0,0,0
897,0,0,0,0
898,0,0,0,0
899,0,0,0,0
900,0,0,0,0
901,0,0,0,0
902,0,0,0,0
903,0,0,0,0
904,0,0,0,0
905,0,0,0,0
906,0,0,0,0
907,0,0,0,0
908,0,0,0,0
909,0,0,0,0
910,0,0,0,0
911,0,0,0,0
912,0,0,0,0
913,0,0,0,0
914,0,0,0,0
915,0,0,0,0
916,0,0,0,0
917,0,0,-0.037139722,0
918,0,0,-0.218600341,0
919,0,0,-0.377090931,0
920,0,0,-0.480074338,0
921,0,0,-0.587843622,0
922,0,0,-0.554602964,0
923,0,0,-0.384020533,0
924,0,0,-0.055708851,0
925,0,0,0,0
926,0,0,0,0
927,0,0,-0.000970738,0
928,0,0,-0.140864134,0
929,0,0,-0.209585156,0
930,0,0,-0.410071543,0
931,0.512670347,0,-0.817487989,0
932,0.873268741,0,-1.084597451,0
933,1.120247568,0,-1.280217034,0
934,1.367729187,0,-1.393772398,0
935,1.652729171,0.142857143,-1.507816042,0
936,2.020786149,0.285714286,-1.77321325,-0.142857143
937,2.333302362,0.428571429,-1.958753858,-0.285714286
938,2.574768611,0.571428571,-2.137570245,-0.428571429
939,2.671004432,0.714285714,-2.287262508,-0.571428571
940,2.848834991,0.857142857,-2.413441794,-0.714285714
941,3.080104283,1,-2.627479826,-0.857142857
942,3.199591228,1,-2.767099108,-1
943,3.304230009,1,-2.838648115,-0.857142857
944,3.404778072,1,-2.949884687,-0.714285714
945,3.616935458,1,-3.014839445,-0.571428571
946,3.772149767,1,-3.012626648,-0.428571429
947,3.600105558,1,-2.980492183,-0.285714286
948,3.328399931,1,-2.849712099,-0.142857143
949,3.179619925,1,-2.813095093,-0.142857143
950,2.998334067,1,-2.770778928,-0.285714286
951,2.77501515,0.857142857,-2.707612174,-0.428571429
952,2.491826466,0.857142857,-2.680761065,-0.571428571
953,2.254523686,0.857142857,-2.606504713,-0.714285714
954,2.39434433,0.857142857,-2.675665447,-0.857142857
955,2.609974997,0.857142857,-2.768987383,-1
956,2.786684309,0.857142857,-2.786512647,-1
957,2.943824768,0.857142857,-2.803101948,-1
958,3.058103834,1,-2.786983218,-1
959,3.106646129,0.857142857,-2.668891089,-1
960,3.197332382,0.714285714,-2.616093772,-1
961,3.0092956,0.571428571,-2.399483,-0.857142857
962,2.782503128,0.428571429,-2.199167797,-0.714285714
963,2.551701954,0.285714286,-2.031325204,-0.571428571
964,2.345246179,0.142857143,-1.898150035,-0.428571429
965,2.20561736,0,-1.785446712,-0.285714286
966,2.0371418,0,-1.756564822,-0.142857143
967,1.84620394,0,-1.791650908,0
968,1.759556362,0,-1.836613791,0
969,1.560945238,0,-1.751074246,0
970,1.339169094,0,-1.663105556,0
971,1.065585545,0,-1.492698261,0
972,0.709641933,0,-1.253810883,0
973,0.481207882,0,-1.064060211,0
974,0.444371087,0,-1.005437783,0
975,0.394433771,0,-0.966012001,0
976,0.631005764,0,-1.163513184,0
977,0.96727957,0,-1.389775685,0
978,1.338803428,0,-1.702616555,0
979,1.923038755,0,-2.176084518,0
980,2.416825158,0,-2.595779691,0
981,2.649580002,0,-2.668066297,0
982,2.92959186,0,-2.784411839,0
983,2.933877672,0,-2.685475486,0
984,2.808335985,0,-2.566004617,0
985,2.682786942,0,-2.386235373,0
986,2.362407957,0,-2.11323016,0
987,2.010169983,0,-1.817862102,0
988,1.754288537,0,-1.701546124,0
989,1.471449988,0,-1.604787009,0
990,1.233861378,0,-1.555872236,0
991,1.0493536,0,-1.471892902,0
992,0.938810076,0,-1.473343304,0
993,0.729151113,0,-1.351575851,0
994,0.593496118,0,-1.268696376,0
995,0.453784636,0,-1.165695599,0
996,0.419908524,0,-1.107367243,0
997,0.348216329,0,-0.920816422,0
998,0.257608652,0,-0.74048342,0
999,0.104349545,0,-0.496482134,0
